gene_name	gene_group
ABCB1	MarkersB_P_PB
AICDA	MarkersB_P_PB
BACH2	MarkersB_P_PB
BANK1	MarkersB_P_PB
BLK	MarkersB_P_PB
BSG	MarkersB_P_PB
CCDC88B	MarkersB_P_PB
CCL25	MarkersB_P_PB
CCR1	MarkersB_P_PB
CCR10	MarkersB_P_PB
CCR2	MarkersB_P_PB
CCR6	MarkersB_P_PB
CCR7	MarkersB_P_PB
CCR9	MarkersB_P_PB
CD19	MarkersB_P_PB
CD1D	MarkersB_P_PB
CD200	MarkersB_P_PB
CD22	MarkersB_P_PB
CD23	MarkersB_P_PB
CD24	MarkersB_P_PB
CD27	MarkersB_P_PB
CD37	MarkersB_P_PB
CD38	MarkersB_P_PB
CD40	MarkersB_P_PB
CD40LG	MarkersB_P_PB
CD5	MarkersB_P_PB
CD69	MarkersB_P_PB
CD74	MarkersB_P_PB
CD79A	MarkersB_P_PB
CD79B	MarkersB_P_PB
CD9	MarkersB_P_PB
CDK1	MarkersB_P_PB
CDK14	MarkersB_P_PB
CDKN2A	MarkersB_P_PB
CDKN3	MarkersB_P_PB
CLEC1	MarkersB_P_PB
CR2	MarkersB_P_PB
CXCR3	MarkersB_P_PB
CXCR4	MarkersB_P_PB
CXCR5	MarkersB_P_PB
CXCR6	MarkersB_P_PB
DERL3	MarkersB_P_PB
FCER2	MarkersB_P_PB
FCMR	MarkersB_P_PB
FCRL1	MarkersB_P_PB
FCRL2	MarkersB_P_PB
FCRL3	MarkersB_P_PB
FCRL4	MarkersB_P_PB
FCRL5	MarkersB_P_PB
FCRLA	MarkersB_P_PB
FLT3	MarkersB_P_PB
GPR183	MarkersB_P_PB
HLA-DMA	MarkersB_P_PB
HLA-DMB	MarkersB_P_PB
HLA-DOB	MarkersB_P_PB
HLA-DPA1	MarkersB_P_PB
HLA-DPB1	MarkersB_P_PB
HLA-DQA1	MarkersB_P_PB
HLA-DQA2	MarkersB_P_PB
HLA-DQB1	MarkersB_P_PB
HLA-DQB2	MarkersB_P_PB
HLA-DRA	MarkersB_P_PB
HLA-DRB1	MarkersB_P_PB
HLA-DRB5	MarkersB_P_PB
HLA-E	MarkersB_P_PB
HLA-F	MarkersB_P_PB
HMGB2	MarkersB_P_PB
ICAM2 	MarkersB_P_PB
ICAM3	MarkersB_P_PB
ICOSLG	MarkersB_P_PB
IFI44L	MarkersB_P_PB
IFIT1	MarkersB_P_PB
IFITM2	MarkersB_P_PB
IFITM3	MarkersB_P_PB
IFNAR2	MarkersB_P_PB
IFNG	MarkersB_P_PB
IGHA1	MarkersB_P_PB
IGHA2	MarkersB_P_PB
IGHD	MarkersB_P_PB
IGHE	MarkersB_P_PB
IGHG1	MarkersB_P_PB
IGHG2	MarkersB_P_PB
IGHG3	MarkersB_P_PB
IGHG4	MarkersB_P_PB
IGHM	MarkersB_P_PB
IGHV1-24	MarkersB_P_PB
IGJ	MarkersB_P_PB
IGKC	MarkersB_P_PB
IGKV1-5	MarkersB_P_PB
IGKV1-6	MarkersB_P_PB
IGKV1D-13	MarkersB_P_PB
IGKV1D-39	MarkersB_P_PB
IGKV1D-43	MarkersB_P_PB
IGKV1OR2-108	MarkersB_P_PB
IGKV2-24	MarkersB_P_PB
IGKV2-30	MarkersB_P_PB
IGKV2D-28	MarkersB_P_PB
IGKV2D-30	MarkersB_P_PB
IGKV3-11	MarkersB_P_PB
IGKV3-20	MarkersB_P_PB
IGKV3D-15	MarkersB_P_PB
IGKV4-1	MarkersB_P_PB
IGKV6-21	MarkersB_P_PB
IGLC1	MarkersB_P_PB
IGLC2	MarkersB_P_PB
IGLC3	MarkersB_P_PB
IGLC7	MarkersB_P_PB
IGLJ2	MarkersB_P_PB
IGLL1	MarkersB_P_PB
IGLL5	MarkersB_P_PB
IGLV1-36	MarkersB_P_PB
IGLV1-40	MarkersB_P_PB
IGLV1-50	MarkersB_P_PB
IGLV1-51	MarkersB_P_PB
IGLV10-54	MarkersB_P_PB
IGLV2-11	MarkersB_P_PB
IGLV2-18	MarkersB_P_PB
IGLV2-23	MarkersB_P_PB
IGLV2-8	MarkersB_P_PB
IGLV3-1	MarkersB_P_PB
IGLV3-10	MarkersB_P_PB
IGLV3-16	MarkersB_P_PB
IGLV3-19	MarkersB_P_PB
IGLV3-25	MarkersB_P_PB
IGLV3-27	MarkersB_P_PB
IGLV3-9	MarkersB_P_PB
IGLV4-60	MarkersB_P_PB
IGLV4-69	MarkersB_P_PB
IGLV5-45	MarkersB_P_PB
IGLV5-48	MarkersB_P_PB
IGLV6-57	MarkersB_P_PB
IGLV7-43	MarkersB_P_PB
IGLV7-46	MarkersB_P_PB
IGLV8-61	MarkersB_P_PB
IGLV9-49	MarkersB_P_PB
IL10	MarkersB_P_PB
IL10RA	MarkersB_P_PB
IL12A	MarkersB_P_PB
IL16	MarkersB_P_PB
IL21R	MarkersB_P_PB
IL27	MarkersB_P_PB
IL32	MarkersB_P_PB
IL4R	MarkersB_P_PB
IL5RA	MarkersB_P_PB
IL6	MarkersB_P_PB
IRF4	MarkersB_P_PB
IRF8	MarkersB_P_PB
ITGA4	MarkersB_P_PB
ITGAE	MarkersB_P_PB
ITGB1	MarkersB_P_PB
ITGB7	MarkersB_P_PB
KIT	MarkersB_P_PB
LILRA4	MarkersB_P_PB
LTB	MarkersB_P_PB
MKI67	MarkersB_P_PB
MME	MarkersB_P_PB
MS4A1	MarkersB_P_PB
MT-CO2	MarkersB_P_PB
MZB1	MarkersB_P_PB
MX1	MarkersB_P_PB
N3CR1	MarkersB_P_PB
PAX5	MarkersB_P_PB
PCNA	MarkersB_P_PB
SDC1	MarkersB_P_PB
SELL	MarkersB_P_PB
SERPINA9	MarkersB_P_PB
SPN	MarkersB_P_PB
SSR4	MarkersB_P_PB
TAGLN2	MarkersB_P_PB
TNF	MarkersB_P_PB
TNFRSF13B	MarkersB_P_PB
TNFRSF13C	MarkersB_P_PB
TNFRSF17	MarkersB_P_PB
TNFRSF18	MarkersB_P_PB
TNFRSF1B	MarkersB_P_PB
VPREB3	MarkersB_P_PB
XCR1	MarkersB_P_PB
XCR2	MarkersB_P_PB
AIF1	MarkersMyeloid
ANXA1	MarkersMyeloid
AREG	MarkersMyeloid
ARG1	MarkersMyeloid
AXL	MarkersMyeloid
BLNK	MarkersMyeloid
C1ORF54	MarkersMyeloid
C1QA	MarkersMyeloid
C1QB	MarkersMyeloid
C1QC	MarkersMyeloid
CCL18	MarkersMyeloid
CCL2	MarkersMyeloid
CCL25	MarkersMyeloid
CCL3	MarkersMyeloid
CCL3L1	MarkersMyeloid
CCL5	MarkersMyeloid
CCR2	MarkersMyeloid
CCR9	MarkersMyeloid
CD14	MarkersMyeloid
CD141	MarkersMyeloid
CD163	MarkersMyeloid
CD163	MarkersMyeloid
CD1C	MarkersMyeloid
CD2	MarkersMyeloid
CD22	MarkersMyeloid
CD226	MarkersMyeloid
CD274	MarkersMyeloid
CD3E	MarkersMyeloid
CD33	MarkersMyeloid
CD34	MarkersMyeloid
CD36	MarkersMyeloid
CD38	MarkersMyeloid
CD4	MarkersMyeloid
CD40	MarkersMyeloid
CD59	MarkersMyeloid
CD5L	MarkersMyeloid
CD68	MarkersMyeloid
CD74	MarkersMyeloid
CLEC10A	MarkersMyeloid
CLEC4F	MarkersMyeloid
CLEC7A	MarkersMyeloid
CLEC9A	MarkersMyeloid
CLU	MarkersMyeloid
CSF1R	MarkersMyeloid
CSF1R	MarkersMyeloid
CSF2RA	MarkersMyeloid
CSF3R	MarkersMyeloid
CX3CR1	MarkersMyeloid
CXCL10	MarkersMyeloid
CXCL11	MarkersMyeloid
CXCL16	MarkersMyeloid
CXCL2	MarkersMyeloid
CXCL8	MarkersMyeloid
CXCL9	MarkersMyeloid
CXCR1	MarkersMyeloid
CXCR2	MarkersMyeloid
CXCR3	MarkersMyeloid
CYBB	MarkersMyeloid
DAB2	MarkersMyeloid
FAS	MarkersMyeloid
FCER1A	MarkersMyeloid
FCGR2A	MarkersMyeloid
FCGR2B	MarkersMyeloid
FCGR3A	MarkersMyeloid
FCGR3B	MarkersMyeloid
FOS	MarkersMyeloid
FOSB	MarkersMyeloid
FTL	MarkersMyeloid
G0S2	MarkersMyeloid
GAPDH	MarkersMyeloid
GNLY	MarkersMyeloid
GPX1	MarkersMyeloid
GZMA	MarkersMyeloid
GZMB	MarkersMyeloid
GZMH	MarkersMyeloid
HLA-DQA1	MarkersMyeloid
HLA-DQB1	MarkersMyeloid
HLA-DRA	MarkersMyeloid
HLA-DRB1	MarkersMyeloid
HLA-E	MarkersMyeloid
HLA-F	MarkersMyeloid
HMGA1	MarkersMyeloid
HMGB2	MarkersMyeloid
HMOX1	MarkersMyeloid
IFI44L	MarkersMyeloid
IFI6	MarkersMyeloid
IFIT1	MarkersMyeloid
IFITM2	MarkersMyeloid
IFITM3	MarkersMyeloid
IFNB	MarkersMyeloid
IFNG	MarkersMyeloid
IGJ	MarkersMyeloid
IL13RA1	MarkersMyeloid
IL1B	MarkersMyeloid
IL1R2	MarkersMyeloid
IL1RN	MarkersMyeloid
IL2RB	MarkersMyeloid
IL27	MarkersMyeloid
IL32	MarkersMyeloid
IL3RA	MarkersMyeloid
IL4RA	MarkersMyeloid
IL6	MarkersMyeloid
IL7R	MarkersMyeloid
IL8	MarkersMyeloid
IRAK3	MarkersMyeloid
IRF7	MarkersMyeloid
ISG15	MarkersMyeloid
ITGA4	MarkersMyeloid
ITGAE	MarkersMyeloid
ITGAM	MarkersMyeloid
ITGAX	MarkersMyeloid
ITGB2	MarkersMyeloid
ITGB7	MarkersMyeloid
ITM2C	MarkersMyeloid
LAIR2	MarkersMyeloid
LILRB1	MarkersMyeloid
LILRB2	MarkersMyeloid
LILRB5	MarkersMyeloid
LITAF	MarkersMyeloid
LRP1	MarkersMyeloid
LST1	MarkersMyeloid
LTB	MarkersMyeloid
LYZ	MarkersMyeloid
MARCO	MarkersMyeloid
MERTK	MarkersMyeloid
MKI67	MarkersMyeloid
MPO	MarkersMyeloid
MT-CO2	MarkersMyeloid
MX1	MarkersMyeloid
N3CR1	MarkersMyeloid
NAP1L1	MarkersMyeloid
NKG7	MarkersMyeloid
NRGN	MarkersMyeloid
OSM	MarkersMyeloid
PECAM1	MarkersMyeloid
PF4	MarkersMyeloid
PLAUR	MarkersMyeloid
PPBP	MarkersMyeloid
PPP1R14A	MarkersMyeloid
PRF1	MarkersMyeloid
S100A8	MarkersMyeloid
S100A9	MarkersMyeloid
S100A10	MarkersMyeloid
S100A12	MarkersMyeloid
SELL	MarkersMyeloid
SERPINA1	MarkersMyeloid
SERPINF1	MarkersMyeloid
SIGLEC10	MarkersMyeloid
SIGLEC6	MarkersMyeloid
SLAMF8	MarkersMyeloid
TCF4	MarkersMyeloid
TNF	MarkersMyeloid
TNFRSF10C	MarkersMyeloid
TNFRSF1A	MarkersMyeloid
TNFRSF1B	MarkersMyeloid
TNFSF13B	MarkersMyeloid
TREM2	MarkersMyeloid
TUBB1	MarkersMyeloid
VCAN	MarkersMyeloid
VMO1	MarkersMyeloid
VSIG4	MarkersMyeloid
ZFP36L2	MarkersMyeloid
ANXA1	MarkersNeutro
ARG1	MarkersNeutro
BPI	MarkersNeutro
CD101	MarkersNeutro
CD24	MarkersNeutro
CD274	MarkersNeutro
CSF3R	MarkersNeutro
CXCL8	MarkersNeutro
DEFA3	MarkersNeutro
DEFA4	MarkersNeutro
DUSP1	MarkersNeutro
EGR1	MarkersNeutro
ELANE	MarkersNeutro
FCGR3B	MarkersNeutro
FTH1	MarkersNeutro
G0S2	MarkersNeutro
IFIT3	MarkersNeutro
IFITM3	MarkersNeutro
IL3RA	MarkersNeutro
ISG15	MarkersNeutro
ITGAM	MarkersNeutro
KLF4	MarkersNeutro
LCN2	MarkersNeutro
LTF	MarkersNeutro
LY6E	MarkersNeutro
MKI67	MarkersNeutro
MMP8	MarkersNeutro
MPO	MarkersNeutro
NEAT1	MarkersNeutro
PADI4	MarkersNeutro
PRTN3	MarkersNeutro
PTMA	MarkersNeutro
RETN	MarkersNeutro
RPL5	MarkersNeutro
S100A4	MarkersNeutro
S100A8	MarkersNeutro
S100A9	MarkersNeutro
TCN1	MarkersNeutro
TNFAIP2	MarkersNeutro
TXN	MarkersNeutro
CD34	MarkersOther
CD36	MarkersOther
CD47	MarkersOther
GYPA	MarkersOther
GYPB	MarkersOther
HBB	MarkersOther
HMGB2	MarkersOther
MKI67	MarkersOther
N3CR1	MarkersOther
PF4	MarkersOther
PPBP	MarkersOther
AHNAK	MarkersT_NK
ANXA1	MarkersT_NK
BATF	MarkersT_NK
BCL6	MarkersT_NK
BTLA	MarkersT_NK
CCL2	MarkersT_NK
CCL19	MarkersT_NK
CCL20	MarkersT_NK
CCL21	MarkersT_NK
CCL25	MarkersT_NK
CCL3	MarkersT_NK
CCL4	MarkersT_NK
CCL5	MarkersT_NK
CCR1	MarkersT_NK
CCR10	MarkersT_NK
CCR2	MarkersT_NK
CCR4	MarkersT_NK
CCR5	MarkersT_NK
CCR6	MarkersT_NK
CCR7	MarkersT_NK
CCR8	MarkersT_NK
CCR9	MarkersT_NK
CD200	MarkersT_NK
CD27	MarkersT_NK
CD28	MarkersT_NK
CD3D	MarkersT_NK
CD3E	MarkersT_NK
CD3G	MarkersT_NK
CD38	MarkersT_NK
CD4	MarkersT_NK
CD69	MarkersT_NK
CD8A	MarkersT_NK
CD8B	MarkersT_NK
CDK1	MarkersT_NK
CES1	MarkersT_NK
CD40LG	MarkersT_NK
CTLA4	MarkersT_NK
CX3CR1	MarkersT_NK
CXCL13	MarkersT_NK
CXCR3	MarkersT_NK
CXCR4	MarkersT_NK
CXCR6	MarkersT_NK
DUSP4	MarkersT_NK
ENTPD1	MarkersT_NK
EOMES	MarkersT_NK
FAS	MarkersT_NK
FASLG	MarkersT_NK
FCER1G	MarkersT_NK
FCER2	MarkersT_NK
FCGR3A	MarkersT_NK
FGFBP2	MarkersT_NK
FOS	MarkersT_NK
FOXP3	MarkersT_NK
GATA3	MarkersT_NK
GNLY	MarkersT_NK
GPR183	MarkersT_NK
GZMA	MarkersT_NK
GZMB	MarkersT_NK
GZMH	MarkersT_NK
GZMK	MarkersT_NK
GZMM	MarkersT_NK
HAVCR2	MarkersT_NK
HMGB2	MarkersT_NK
HLA-DRB1	MarkersT_NK
HLA-E	MarkersT_NK
HLA-F	MarkersT_NK
HOPX	MarkersT_NK
ICOS	MarkersT_NK
IFI44L	MarkersT_NK
IFIT1	MarkersT_NK
IFITM2	MarkersT_NK
IFITM3	MarkersT_NK
IFNG	MarkersT_NK
IKZF2	MarkersT_NK
IKZF3	MarkersT_NK
IL10	MarkersT_NK
IL12A	MarkersT_NK
IL12B	MarkersT_NK
IL12RB1	MarkersT_NK
IL12RB2	MarkersT_NK
IL13	MarkersT_NK
IL15	MarkersT_NK
IL16	MarkersT_NK
IL17A	MarkersT_NK
IL17C	MarkersT_NK
IL17F	MarkersT_NK
IL18	MarkersT_NK
IL2	MarkersT_NK
IL20	MarkersT_NK
IL21	MarkersT_NK
IL22	MarkersT_NK
IL23R	MarkersT_NK
IL26	MarkersT_NK
IL27	MarkersT_NK
IL2RA	MarkersT_NK
IL2RB	MarkersT_NK
IL32	MarkersT_NK
IL4	MarkersT_NK
IL4I1	MarkersT_NK
IL6	MarkersT_NK
IL7	MarkersT_NK
IL7R	MarkersT_NK
IL9	MarkersT_NK
IRF8	MarkersT_NK
ITGA4	MarkersT_NK
ITGAE	MarkersT_NK
ITGB7	MarkersT_NK
ITM2A	MarkersT_NK
KLRB1	MarkersT_NK
KLRC1	MarkersT_NK
KLRD1	MarkersT_NK
KLRF1	MarkersT_NK
LAG3	MarkersT_NK
LAYN	MarkersT_NK
LEF	MarkersT_NK
LTB	MarkersT_NK
MAP3K8	MarkersT_NK
MKI67	MarkersT_NK
MT-CO2	MarkersT_NK
MX1	MarkersT_NK
N3CR1	MarkersT_NK
NCAM1	MarkersT_NK
NKG7	MarkersT_NK
PDCD1	MarkersT_NK
PECAM1	MarkersT_NK
PLEK	MarkersT_NK
POU2AF1	MarkersT_NK
PRF1	MarkersT_NK
RETN	MarkersT_NK
RORA	MarkersT_NK
RORC	MarkersT_NK
SELL	MarkersT_NK
STMN1	MarkersT_NK
TBX21	MarkersT_NK
TCF7	MarkersT_NK
TGFB1	MarkersT_NK
TIGIT	MarkersT_NK
TNF	MarkersT_NK
TNFRSF14	MarkersT_NK
TNFRSF18	MarkersT_NK
TNFRSF1A	MarkersT_NK
TNFRSF1B	MarkersT_NK
TNFRSF4	MarkersT_NK
TNFRSF9	MarkersT_NK
TNFSF13B	MarkersT_NK
TNFSF14	MarkersT_NK
TOX	MarkersT_NK
TRA	MarkersT_NK
TRAC	MarkersT_NK
TRB	MarkersT_NK
TRBC1	MarkersT_NK
TRBC2	MarkersT_NK
TRD	MarkersT_NK
TRDC	MarkersT_NK
TRDV1	MarkersT_NK
TRDV2	MarkersT_NK
TRG	MarkersT_NK
TRGC1	MarkersT_NK
TRGC2	MarkersT_NK
TUBB	MarkersT_NK
XCL1	MarkersT_NK
XCL2	MarkersT_NK
XCR1	MarkersT_NK
XCR2	MarkersT_NK
ZEB2	MarkersT_NK
ZNF683	MarkersT_NK
HBA1	hb
HBA2	hb
HBB	hb
HBD	hb
HBE1	hb
HBG1	hb
HBG2	hb
HBM	hb
HBQ1	hb
HBZ	hb
IGKV1OR1-1	exclude
IGKV3OR2-268	exclude
IGKJ5	exclude
IGKJ4	exclude
IGKJ3	exclude
IGKJ2	exclude
IGKJ1	exclude
IGKV4-1	exclude
IGKV5-2	exclude
IGKV7-3	exclude
IGKV2-4	exclude
IGKV1-5	exclude
IGKV1-6	exclude
IGKV3-7	exclude
IGKV1-8	exclude
IGKV1-9	exclude
IGKV2-10	exclude
IGKV3-11	exclude
IGKV1-12	exclude
IGKV1-13	exclude
IGKV2-14	exclude
IGKV3-15	exclude
IGKV1-16	exclude
IGKV1-17	exclude
IGKV2-18	exclude
IGKV2-19	exclude
IGKV3-20	exclude
IGKV6-21	exclude
IGKV1-22	exclude
IGKV2-23	exclude
IGKV2-24	exclude
IGKV3-25	exclude
IGKV2-26	exclude
IGKV1-27	exclude
IGKV2-28	exclude
IGKV2-29	exclude
IGKV2-30	exclude
IGKV3-31	exclude
IGKV1-32	exclude
IGKV1-33	exclude
IGKV3-34	exclude
IGKV1-35	exclude
IGKV2-36	exclude
IGKV1-37	exclude
IGKV2-38	exclude
IGKV1-39	exclude
IGKV2-40	exclude
IGKV2D-40	exclude
IGKV1D-39	exclude
IGKV2D-38	exclude
IGKV1D-37	exclude
IGKV2D-36	exclude
IGKV1D-35	exclude
IGKV3D-34	exclude
IGKV1D-33	exclude
IGKV1D-32	exclude
IGKV3D-31	exclude
IGKV2D-30	exclude
IGKV2D-29	exclude
IGKV2D-28	exclude
IGKV1D-27	exclude
IGKV2D-26	exclude
IGKV3D-25	exclude
IGKV2D-24	exclude
IGKV2D-23	exclude
IGKV1D-22	exclude
IGKV6D-21	exclude
IGKV3D-20	exclude
IGKV2D-19	exclude
IGKV2D-18	exclude
IGKV6D-41	exclude
IGKV1D-17	exclude
IGKV1D-16	exclude
IGKV3D-15	exclude
IGKV2D-14	exclude
IGKV1D-13	exclude
IGKV1D-12	exclude
IGKV3D-11	exclude
IGKV2D-10	exclude
IGKV1D-42	exclude
IGKV1D-43	exclude
IGKV1D-8	exclude
IGKV3D-7	exclude
IGKV1OR2-118	exclude
IGKV1OR2-1	exclude
IGKV2OR2-1	exclude
IGKV2OR2-2	exclude
IGKV1OR2-3	exclude
IGKV1OR2-9	exclude
IGKV2OR2-10	exclude
IGKV2OR2-7D	exclude
IGKV3OR2-5	exclude
IGKV1OR2-6	exclude
IGKV2OR2-7	exclude
IGKV2OR2-8	exclude
IGKV1OR2-11	exclude
IGKV1OR2-108	exclude
HLA-F	exclude
HLA-G	exclude
HLA-A	exclude
HLA-E	exclude
HLA-B	exclude
HLA-DRA	exclude
HLA-DRB5	exclude
HLA-DRB1	exclude
HLA-DQA1	exclude
HLA-DQB1	exclude
HLA-DQA2	exclude
HLA-DQB2	exclude
HLA-DOB	exclude
HLA-DMB	exclude
HLA-DMA	exclude
HLA-DOA	exclude
HLA-DPA1	exclude
HLA-DPB1	exclude
TRGJ2	exclude
TRGJP2	exclude
TRGJ1	exclude
TRGJP	exclude
TRGJP1	exclude
TRGV11	exclude
TRGVB	exclude
TRGV10	exclude
TRGV9	exclude
TRGVA	exclude
TRGV8	exclude
TRGV7	exclude
TRGV6	exclude
TRGV5P	exclude
TRGV5	exclude
TRGV4	exclude
TRGV3	exclude
TRGV2	exclude
TRGV1	exclude
TRBV1	exclude
TRBV2	exclude
TRBV3-1	exclude
TRBV4-1	exclude
TRBV5-1	exclude
TRBV6-1	exclude
TRBV7-1	exclude
TRBV4-2	exclude
TRBV6-2	exclude
TRBV7-2	exclude
TRBV8-1	exclude
TRBV5-2	exclude
TRBV6-4	exclude
TRBV7-3	exclude
TRBV8-2	exclude
TRBV5-3	exclude
TRBV9	exclude
TRBV10-1	exclude
TRBV11-1	exclude
TRBV12-1	exclude
TRBV10-2	exclude
TRBV12-2	exclude
TRBV6-5	exclude
TRBV7-4	exclude
TRBV5-4	exclude
TRBV6-6	exclude
TRBV7-5	exclude
TRBV5-5	exclude
TRBV6-7	exclude
TRBV7-6	exclude
TRBV5-6	exclude
TRBV6-8	exclude
TRBV7-7	exclude
TRBV5-7	exclude
TRBV7-9	exclude
TRBV13	exclude
TRBV10-3	exclude
TRBV11-3	exclude
TRBV12-3	exclude
TRBV12-4	exclude
TRBV12-5	exclude
TRBV14	exclude
TRBV15	exclude
TRBV16	exclude
TRBV17	exclude
TRBV18	exclude
TRBV19	exclude
TRBV20-1	exclude
TRBV21-1	exclude
TRBV22-1	exclude
TRBV23-1	exclude
TRBV24-1	exclude
TRBV25-1	exclude
TRBVA	exclude
TRBV26	exclude
TRBVB	exclude
TRBV27	exclude
TRBV28	exclude
TRBV29-1	exclude
TRBD1	exclude
TRBJ1-1	exclude
TRBJ1-2	exclude
TRBJ1-3	exclude
TRBJ1-4	exclude
TRBJ1-5	exclude
TRBJ1-6	exclude
TRBJ2-1	exclude
TRBJ2-2	exclude
TRBJ2-2P	exclude
TRBJ2-3	exclude
TRBJ2-4	exclude
TRBJ2-5	exclude
TRBJ2-6	exclude
TRBJ2-7	exclude
TRBV30	exclude
IGLV8OR8-1	exclude
TRBV20OR9-2	exclude
TRBV21OR9-2	exclude
TRBV22OR9-2	exclude
TRBV23OR9-2	exclude
TRBV24OR9-2	exclude
TRBV25OR9-2	exclude
TRBV26OR9-2	exclude
TRBV29OR9-2	exclude
IGKV1OR9-2	exclude
IGKV1OR-2	exclude
IGKV1OR9-1	exclude
IGKV1OR-3	exclude
IGKV1OR10-1	exclude
TRAV1-1	exclude
TRAV1-2	exclude
TRAV2	exclude
TRAV3	exclude
TRAV4	exclude
TRAV5	exclude
TRAV6	exclude
TRAV7	exclude
TRAV8-1	exclude
TRAV9-1	exclude
TRAV10	exclude
TRAV11	exclude
TRAV12-1	exclude
TRAV8-2	exclude
TRAV8-3	exclude
TRAV13-1	exclude
TRAV12-2	exclude
TRAV8-4	exclude
TRAV8-5	exclude
TRAV13-2	exclude
TRAV14DV4	exclude
TRAV9-2	exclude
TRAV15	exclude
TRAV12-3	exclude
TRAV8-6	exclude
TRAV16	exclude
TRAV17	exclude
TRAV18	exclude
TRAV19	exclude
TRAV20	exclude
TRAV21	exclude
TRAV22	exclude
TRAV23DV6	exclude
TRAV24	exclude
TRAV25	exclude
TRAV26-1	exclude
TRAV8-7	exclude
TRAV27	exclude
TRAV28	exclude
TRAV29DV5	exclude
TRAV30	exclude
TRAV31	exclude
TRAV32	exclude
TRAV33	exclude
TRAV26-2	exclude
TRAV34	exclude
TRAV35	exclude
TRAV36DV7	exclude
TRAV37	exclude
TRAV38-1	exclude
TRAV38-2DV8	exclude
TRAV39	exclude
TRAV40	exclude
TRAV41	exclude
TRDD1	exclude
TRDD2	exclude
TRDD3	exclude
TRDJ1	exclude
TRDJ4	exclude
TRDJ2	exclude
TRDJ3	exclude
TRAJ61	exclude
TRAJ60	exclude
TRAJ59	exclude
TRAJ58	exclude
TRAJ57	exclude
TRAJ56	exclude
TRAJ55	exclude
TRAJ54	exclude
TRAJ53	exclude
TRAJ52	exclude
TRAJ51	exclude
TRAJ50	exclude
TRAJ49	exclude
TRAJ48	exclude
TRAJ47	exclude
TRAJ46	exclude
TRAJ45	exclude
TRAJ44	exclude
TRAJ43	exclude
TRAJ42	exclude
TRAJ41	exclude
TRAJ40	exclude
TRAJ39	exclude
TRAJ38	exclude
TRAJ37	exclude
TRAJ36	exclude
TRAJ35	exclude
TRAJ34	exclude
TRAJ33	exclude
TRAJ32	exclude
TRAJ31	exclude
TRAJ30	exclude
TRAJ29	exclude
TRAJ28	exclude
TRAJ27	exclude
TRAJ26	exclude
TRAJ25	exclude
TRAJ24	exclude
TRAJ23	exclude
TRAJ22	exclude
TRAJ21	exclude
TRAJ20	exclude
TRAJ19	exclude
TRAJ18	exclude
TRAJ17	exclude
TRAJ16	exclude
TRAJ14	exclude
TRAJ13	exclude
TRAJ12	exclude
TRAJ11	exclude
TRAJ10	exclude
TRAJ9	exclude
TRAJ8	exclude
TRAJ7	exclude
TRAJ6	exclude
TRAJ5	exclude
TRAJ4	exclude
TRAJ3	exclude
TRAJ2	exclude
TRAJ1	exclude
IGHJ6	exclude
IGHJ3P	exclude
IGHJ5	exclude
IGHJ4	exclude
IGHJ3	exclude
IGHJ2P	exclude
IGHJ2	exclude
IGHJ1	exclude
IGHD7-27	exclude
IGHJ1P	exclude
IGHD1-26	exclude
IGHD6-25	exclude
IGHD5-24	exclude
IGHD4-23	exclude
IGHD3-22	exclude
IGHD2-21	exclude
IGHD1-20	exclude
IGHD6-19	exclude
IGHD5-18	exclude
IGHD4-17	exclude
IGHD3-16	exclude
IGHD2-15	exclude
IGHD1-14	exclude
IGHD6-13	exclude
IGHD5-12	exclude
IGHD4-11	exclude
IGHD3-10	exclude
IGHD3-9	exclude
IGHD2-8	exclude
IGHD1-7	exclude
IGHD6-6	exclude
IGHD5-5	exclude
IGHD4-4	exclude
IGHD3-3	exclude
IGHD2-2	exclude
IGHD1-1	exclude
IGHV6-1	exclude
IGHVII-1-1	exclude
IGHV1-2	exclude
IGHVIII-2-1	exclude
IGHV1-3	exclude
IGHV4-4	exclude
IGHV7-4-1	exclude
IGHV2-5	exclude
IGHVIII-5-1	exclude
IGHVIII-5-2	exclude
IGHV3-6	exclude
IGHV3-7	exclude
IGHV3-64D	exclude
IGHV5-10-1	exclude
IGHV3-11	exclude
IGHVIII-11-1	exclude
IGHV1-12	exclude
IGHV3-13	exclude
IGHVIII-13-1	exclude
IGHV1-14	exclude
IGHV3-15	exclude
IGHVII-15-1	exclude
IGHV3-16	exclude
IGHVIII-16-1	exclude
IGHV1-17	exclude
IGHV1-18	exclude
IGHV3-19	exclude
IGHV3-20	exclude
IGHV3-21	exclude
IGHV3-22	exclude
IGHVII-22-1	exclude
IGHVIII-22-2	exclude
IGHV3-23	exclude
IGHV1-24	exclude
IGHV3-25	exclude
IGHVIII-25-1	exclude
IGHV2-26	exclude
IGHVIII-26-1	exclude
IGHVII-26-2	exclude
IGHV7-27	exclude
IGHV4-28	exclude
IGHVII-28-1	exclude
IGHV3-32	exclude
IGHV3-30	exclude
IGHVII-30-1	exclude
IGHV3-30-2	exclude
IGHV4-31	exclude
IGHVII-30-21	exclude
IGHV3-29	exclude
IGHV3-33	exclude
IGHVII-33-1	exclude
IGHV3-33-2	exclude
IGHV4-34	exclude
IGHV7-34-1	exclude
IGHV3-35	exclude
IGHV3-36	exclude
IGHV3-37	exclude
IGHV3-38	exclude
IGHVIII-38-1	exclude
IGHV4-39	exclude
IGHV7-40	exclude
IGHVII-40-1	exclude
IGHV3-41	exclude
IGHV3-42	exclude
IGHV3-43	exclude
IGHVII-43-1	exclude
IGHVIII-44	exclude
IGHVIV-44-1	exclude
IGHVII-44-2	exclude
IGHV1-45	exclude
IGHV1-46	exclude
IGHVII-46-1	exclude
IGHV3-47	exclude
IGHVIII-47-1	exclude
IGHV3-48	exclude
IGHV3-49	exclude
IGHVII-49-1	exclude
IGHV3-50	exclude
IGHV5-51	exclude
IGHV8-51-1	exclude
IGHVII-51-2	exclude
IGHV3-52	exclude
IGHV3-53	exclude
IGHVII-53-1	exclude
IGHV3-54	exclude
IGHV4-55	exclude
IGHV7-56	exclude
IGHV3-57	exclude
IGHV1-58	exclude
IGHV4-59	exclude
IGHV3-60	exclude
IGHVII-60-1	exclude
IGHV4-61	exclude
IGHV3-62	exclude
IGHVII-62-1	exclude
IGHV3-63	exclude
IGHV3-64	exclude
IGHV3-65	exclude
IGHVII-65-1	exclude
IGHV3-66	exclude
IGHV1-67	exclude
IGHVII-67-1	exclude
IGHVIII-67-2	exclude
IGHVIII-67-3	exclude
IGHVIII-67-4	exclude
IGHV1-68	exclude
IGHV1-69	exclude
IGHV2-70D	exclude
IGHV3-69-1	exclude
IGHV1-69-2	exclude
IGHV1-69D	exclude
IGHV2-70	exclude
IGHV3-71	exclude
IGHV3-72	exclude
IGHV3-73	exclude
IGHV3-74	exclude
IGHVII-74-1	exclude
IGHV3-75	exclude
IGHV3-76	exclude
IGHVIII-76-1	exclude
IGHV5-78	exclude
IGHVII-78-1	exclude
IGHV3-79	exclude
IGHV4-80	exclude
IGHV7-81	exclude
IGHVIII-82	exclude
IGHV1OR15-9	exclude
IGHV1OR15-2	exclude
IGHV3OR15-7	exclude
IGHD5OR15-5A	exclude
IGHD4OR15-4A	exclude
IGHD3OR15-3A	exclude
IGHD2OR15-2A	exclude
IGHD1OR15-1A	exclude
IGHV1OR15-6	exclude
IGHD5OR15-5B	exclude
IGHD4OR15-4B	exclude
IGHD3OR15-3B	exclude
IGHD2OR15-2B	exclude
IGHD1OR15-1B	exclude
IGHV1OR15-1	exclude
IGHV1OR15-3	exclude
IGHV4OR15-8	exclude
IGHV1OR15-4	exclude
IGHV1OR16-1	exclude
IGHV1OR16-3	exclude
IGHV3OR16-9	exclude
IGHV2OR16-5	exclude
IGHV3OR16-15	exclude
IGHV3OR16-6	exclude
IGHV1OR16-2	exclude
IGHV3OR16-10	exclude
IGHV1OR16-4	exclude
IGHV3OR16-8	exclude
IGHV3OR16-12	exclude
IGHV3OR16-13	exclude
IGHV3OR16-11	exclude
IGHV3OR16-7	exclude
IGLON5	exclude
IGKV1OR22-5	exclude
IGKV2OR22-4	exclude
IGKV2OR22-3	exclude
IGKV3OR22-2	exclude
IGKV1OR22-1	exclude
IGLVI-70	exclude
IGLV4-69	exclude
IGLVI-68	exclude
IGLV10-54	exclude
IGLV10-67	exclude
IGLVIV-66-1	exclude
IGLVV-66	exclude
IGLVIV-65	exclude
IGLVIV-64	exclude
IGLVI-63	exclude
IGLV1-62	exclude
IGLV8-61	exclude
IGLV4-60	exclude
IGLVIV-59	exclude
IGLVV-58	exclude
IGLV6-57	exclude
IGLVI-56	exclude
IGLV11-55	exclude
IGLVIV-53	exclude
IGLV5-52	exclude
IGLV1-51	exclude
IGLV1-50	exclude
IGLV9-49	exclude
IGLV5-48	exclude
IGLV1-47	exclude
IGLV7-46	exclude
IGLV5-45	exclude
IGLV1-44	exclude
IGLV7-43	exclude
IGLVI-42	exclude
IGLVVII-41-1	exclude
IGLV1-41	exclude
IGLV1-40	exclude
IGLVI-38	exclude
IGLV5-37	exclude
IGLV1-36	exclude
IGLV7-35	exclude
IGLV2-34	exclude
IGLV2-33	exclude
IGLV3-32	exclude
IGLV3-31	exclude
IGLV3-30	exclude
IGLV3-29	exclude
IGLV2-28	exclude
IGLV3-27	exclude
IGLV3-26	exclude
IGLVVI-25-1	exclude
IGLV3-25	exclude
IGLV3-24	exclude
IGLV2-23	exclude
IGLVVI-22-1	exclude
IGLV3-22	exclude
IGLV3-21	exclude
IGLVI-20	exclude
IGLV3-19	exclude
IGLV2-18	exclude
IGLV3-17	exclude
IGLV3-16	exclude
IGLV3-15	exclude
IGLV2-14	exclude
IGLV3-13	exclude
IGLV3-12	exclude
IGLV2-11	exclude
IGLV3-10	exclude
IGLV3-9	exclude
IGLV2-8	exclude
IGLV3-7	exclude
IGLV3-6	exclude
IGLV2-5	exclude
IGLV3-4	exclude
IGLV4-3	exclude
IGLV3-2	exclude
IGLV3-1	exclude
IGLL5	exclude
IGLJ1	exclude
IGLJ2	exclude
IGLJ3	exclude
IGLJ4	exclude
IGLJ5	exclude
IGLJ6	exclude
IGLJ7	exclude
IGLL1	exclude
IGLVIVOR22-1	exclude
IGLVIVOR22-2	exclude
IGHV1OR21-1	exclude
HLA-C	exclude
MT-ND1	mt
MT-ND2	mt
MT-CO1	mt
MT-CO2	mt
MT-ATP8	mt
MT-ATP6	mt
MT-CO3	mt
MT-ND3	mt
MT-ND4L	mt
MT-ND4	mt
MT-ND5	mt
MT-ND6	mt
MT-CYB	mt
RPL22	rp
RPL11	rp
RPS6KA1	rp
RPA2	rp
RPS8	rp
RPE65	rp
RPF1	rp
RPAP2	rp
RPL5	rp
RPRD2	rp
RPTN	rp
RPS27	rp
RPS27AP5	rp
RPS6KC1	rp
RPS7	rp
RPS27A	rp
RPIA	rp
RPL31	rp
RPRM	rp
RPE	rp
RPL37A	rp
RPUSD3	rp
RPL32	rp
RPL15	rp
RPSA	rp
RPL14	rp
RPL29	rp
RPP14	rp
RPL24	rp
RPN1	rp
RPL22L1	rp
RPL39L	rp
RPL35A	rp
RPL9	rp
RPL34	rp
RPS3A	rp
RPL37	rp
RPS23	rp
RPS14	rp
RPL26L1	rp
RPP40	rp
RPP21	rp
RPS18	rp
RPS10-NUDT3	rp
RPS10	rp
RPL10A	rp
RPL7L1	rp
RPF2	rp
RPS12	rp
RPS6KA2	rp
RPA3	rp
RP9	rp
RPS6KA3	rp
RPGR	rp
RP2	rp
RPS4X	rp
RPS6KA6	rp
RPA4	rp
RPL36A	rp
RPL36A-HNRNPH2	rp
RPL39	rp
RPL10	rp
RP1L1	rp
RP1	rp
RPS20	rp
RPL7	rp
RPL30	rp
RPL8	rp
RPS6	rp
RPP25L	rp
RPL35	rp
RPL12	rp
RPL7A	rp
RPLP2	rp
RPL27A	rp
RPS13	rp
RPS6KA4	rp
RPS6KB2	rp
RPS3	rp
RPS25	rp
RPUSD4	rp
RPP38	rp
RPS24	rp
RPP30	rp
RPEL1	rp
RPAP3	rp
RPS26	rp
RPL41	rp
RPL6	rp
RPH3A	rp
RPLP0	rp
RPL21	rp
RPGRIP1	rp
RPL10L	rp
RPS29	rp
RPL36AL	rp
RPS6KL1	rp
RPS6KA5	rp
RPUSD2	rp
RPAP1	rp
RPS27L	rp
RPL4	rp
RPLP1	rp
RPP25	rp
RPS17	rp
RPUSD1	rp
RPL3L	rp
RPS2	rp
RPS15A	rp
RPGRIP1L	rp
RPL13	rp
RPH3AL	rp
RPA1	rp
RPAIN	rp
RPL26	rp
RPL23A	rp
RPL23	rp
RPL19	rp
RPL27	rp
RPRML	rp
RPS6KB1	rp
RPL38	rp
RPTOR	rp
RPRD1A	rp
RPL17-C18orf32	rp
RPL17	rp
RPN2	rp
RPRD1B	rp
RPS21	rp
RPS15	rp
RPL36	rp
RPS28	rp
RPL18A	rp
RPS16	rp
RPS19	rp
RPL18	rp
RPL13A	rp
RPS11	rp
RPS9	rp
RPL28	rp
RPS5	rp
RPS4Y1	rp
RPS4Y2	rp
RPL3	rp
RPS19BP1	rp
IGKV1OR1-1	ig
IGKV3OR2-268	ig
IGKJ5	ig
IGKJ4	ig
IGKJ3	ig
IGKJ2	ig
IGKJ1	ig
IGKV4-1	ig
IGKV5-2	ig
IGKV7-3	ig
IGKV2-4	ig
IGKV1-5	ig
IGKV1-6	ig
IGKV3-7	ig
IGKV1-8	ig
IGKV1-9	ig
IGKV2-10	ig
IGKV3-11	ig
IGKV1-12	ig
IGKV1-13	ig
IGKV2-14	ig
IGKV3-15	ig
IGKV1-16	ig
IGKV1-17	ig
IGKV2-18	ig
IGKV2-19	ig
IGKV3-20	ig
IGKV6-21	ig
IGKV1-22	ig
IGKV2-23	ig
IGKV2-24	ig
IGKV3-25	ig
IGKV2-26	ig
IGKV1-27	ig
IGKV2-28	ig
IGKV2-29	ig
IGKV2-30	ig
IGKV3-31	ig
IGKV1-32	ig
IGKV1-33	ig
IGKV3-34	ig
IGKV1-35	ig
IGKV2-36	ig
IGKV1-37	ig
IGKV2-38	ig
IGKV1-39	ig
IGKV2-40	ig
IGKV2D-40	ig
IGKV1D-39	ig
IGKV2D-38	ig
IGKV1D-37	ig
IGKV2D-36	ig
IGKV1D-35	ig
IGKV3D-34	ig
IGKV1D-33	ig
IGKV1D-32	ig
IGKV3D-31	ig
IGKV2D-30	ig
IGKV2D-29	ig
IGKV2D-28	ig
IGKV1D-27	ig
IGKV2D-26	ig
IGKV3D-25	ig
IGKV2D-24	ig
IGKV2D-23	ig
IGKV1D-22	ig
IGKV6D-21	ig
IGKV3D-20	ig
IGKV2D-19	ig
IGKV2D-18	ig
IGKV6D-41	ig
IGKV1D-17	ig
IGKV1D-16	ig
IGKV3D-15	ig
IGKV2D-14	ig
IGKV1D-13	ig
IGKV1D-12	ig
IGKV3D-11	ig
IGKV2D-10	ig
IGKV1D-42	ig
IGKV1D-43	ig
IGKV1D-8	ig
IGKV3D-7	ig
IGKV1OR2-118	ig
IGKV1OR2-1	ig
IGKV2OR2-1	ig
IGKV2OR2-2	ig
IGKV1OR2-3	ig
IGKV1OR2-9	ig
IGKV2OR2-10	ig
IGKV2OR2-7D	ig
IGKV3OR2-5	ig
IGKV1OR2-6	ig
IGKV2OR2-7	ig
IGKV2OR2-8	ig
IGKV1OR2-11	ig
IGKV1OR2-108	ig
IGLV8OR8-1	ig
IGKV1OR9-2	ig
IGKV1OR-2	ig
IGKV1OR9-1	ig
IGKV1OR-3	ig
IGKV1OR10-1	ig
IGHJ6	ig
IGHJ3P	ig
IGHJ5	ig
IGHJ4	ig
IGHJ3	ig
IGHJ2P	ig
IGHJ2	ig
IGHJ1	ig
IGHD7-27	ig
IGHJ1P	ig
IGHD1-26	ig
IGHD6-25	ig
IGHD5-24	ig
IGHD4-23	ig
IGHD3-22	ig
IGHD2-21	ig
IGHD1-20	ig
IGHD6-19	ig
IGHD5-18	ig
IGHD4-17	ig
IGHD3-16	ig
IGHD2-15	ig
IGHD1-14	ig
IGHD6-13	ig
IGHD5-12	ig
IGHD4-11	ig
IGHD3-10	ig
IGHD3-9	ig
IGHD2-8	ig
IGHD1-7	ig
IGHD6-6	ig
IGHD5-5	ig
IGHD4-4	ig
IGHD3-3	ig
IGHD2-2	ig
IGHD1-1	ig
IGHV6-1	ig
IGHVII-1-1	ig
IGHV1-2	ig
IGHVIII-2-1	ig
IGHV1-3	ig
IGHV4-4	ig
IGHV7-4-1	ig
IGHV2-5	ig
IGHVIII-5-1	ig
IGHVIII-5-2	ig
IGHV3-6	ig
IGHV3-7	ig
IGHV3-64D	ig
IGHV5-10-1	ig
IGHV3-11	ig
IGHVIII-11-1	ig
IGHV1-12	ig
IGHV3-13	ig
IGHVIII-13-1	ig
IGHV1-14	ig
IGHV3-15	ig
IGHVII-15-1	ig
IGHV3-16	ig
IGHVIII-16-1	ig
IGHV1-17	ig
IGHV1-18	ig
IGHV3-19	ig
IGHV3-20	ig
IGHV3-21	ig
IGHV3-22	ig
IGHVII-22-1	ig
IGHVIII-22-2	ig
IGHV3-23	ig
IGHV1-24	ig
IGHV3-25	ig
IGHVIII-25-1	ig
IGHV2-26	ig
IGHVIII-26-1	ig
IGHVII-26-2	ig
IGHV7-27	ig
IGHV4-28	ig
IGHVII-28-1	ig
IGHV3-32	ig
IGHV3-30	ig
IGHVII-30-1	ig
IGHV3-30-2	ig
IGHV4-31	ig
IGHVII-30-21	ig
IGHV3-29	ig
IGHV3-33	ig
IGHVII-33-1	ig
IGHV3-33-2	ig
IGHV4-34	ig
IGHV7-34-1	ig
IGHV3-35	ig
IGHV3-36	ig
IGHV3-37	ig
IGHV3-38	ig
IGHVIII-38-1	ig
IGHV4-39	ig
IGHV7-40	ig
IGHVII-40-1	ig
IGHV3-41	ig
IGHV3-42	ig
IGHV3-43	ig
IGHVII-43-1	ig
IGHVIII-44	ig
IGHVIV-44-1	ig
IGHVII-44-2	ig
IGHV1-45	ig
IGHV1-46	ig
IGHVII-46-1	ig
IGHV3-47	ig
IGHVIII-47-1	ig
IGHV3-48	ig
IGHV3-49	ig
IGHVII-49-1	ig
IGHV3-50	ig
IGHV5-51	ig
IGHV8-51-1	ig
IGHVII-51-2	ig
IGHV3-52	ig
IGHV3-53	ig
IGHVII-53-1	ig
IGHV3-54	ig
IGHV4-55	ig
IGHV7-56	ig
IGHV3-57	ig
IGHV1-58	ig
IGHV4-59	ig
IGHV3-60	ig
IGHVII-60-1	ig
IGHV4-61	ig
IGHV3-62	ig
IGHVII-62-1	ig
IGHV3-63	ig
IGHV3-64	ig
IGHV3-65	ig
IGHVII-65-1	ig
IGHV3-66	ig
IGHV1-67	ig
IGHVII-67-1	ig
IGHVIII-67-2	ig
IGHVIII-67-3	ig
IGHVIII-67-4	ig
IGHV1-68	ig
IGHV1-69	ig
IGHV2-70D	ig
IGHV3-69-1	ig
IGHV1-69-2	ig
IGHV1-69D	ig
IGHV2-70	ig
IGHV3-71	ig
IGHV3-72	ig
IGHV3-73	ig
IGHV3-74	ig
IGHVII-74-1	ig
IGHV3-75	ig
IGHV3-76	ig
IGHVIII-76-1	ig
IGHV5-78	ig
IGHVII-78-1	ig
IGHV3-79	ig
IGHV4-80	ig
IGHV7-81	ig
IGHVIII-82	ig
IGHV1OR15-9	ig
IGHV1OR15-2	ig
IGHV3OR15-7	ig
IGHD5OR15-5A	ig
IGHD4OR15-4A	ig
IGHD3OR15-3A	ig
IGHD2OR15-2A	ig
IGHD1OR15-1A	ig
IGHV1OR15-6	ig
IGHD5OR15-5B	ig
IGHD4OR15-4B	ig
IGHD3OR15-3B	ig
IGHD2OR15-2B	ig
IGHD1OR15-1B	ig
IGHV1OR15-1	ig
IGHV1OR15-3	ig
IGHV4OR15-8	ig
IGHV1OR15-4	ig
IGHV1OR16-1	ig
IGHV1OR16-3	ig
IGHV3OR16-9	ig
IGHV2OR16-5	ig
IGHV3OR16-15	ig
IGHV3OR16-6	ig
IGHV1OR16-2	ig
IGHV3OR16-10	ig
IGHV1OR16-4	ig
IGHV3OR16-8	ig
IGHV3OR16-12	ig
IGHV3OR16-13	ig
IGHV3OR16-11	ig
IGHV3OR16-7	ig
IGLON5	ig
IGKV1OR22-5	ig
IGKV2OR22-4	ig
IGKV2OR22-3	ig
IGKV3OR22-2	ig
IGKV1OR22-1	ig
IGLVI-70	ig
IGLV4-69	ig
IGLVI-68	ig
IGLV10-54	ig
IGLV10-67	ig
IGLVIV-66-1	ig
IGLVV-66	ig
IGLVIV-65	ig
IGLVIV-64	ig
IGLVI-63	ig
IGLV1-62	ig
IGLV8-61	ig
IGLV4-60	ig
IGLVIV-59	ig
IGLVV-58	ig
IGLV6-57	ig
IGLVI-56	ig
IGLV11-55	ig
IGLVIV-53	ig
IGLV5-52	ig
IGLV1-51	ig
IGLV1-50	ig
IGLV9-49	ig
IGLV5-48	ig
IGLV1-47	ig
IGLV7-46	ig
IGLV5-45	ig
IGLV1-44	ig
IGLV7-43	ig
IGLVI-42	ig
IGLVVII-41-1	ig
IGLV1-41	ig
IGLV1-40	ig
IGLVI-38	ig
IGLV5-37	ig
IGLV1-36	ig
IGLV7-35	ig
IGLV2-34	ig
IGLV2-33	ig
IGLV3-32	ig
IGLV3-31	ig
IGLV3-30	ig
IGLV3-29	ig
IGLV2-28	ig
IGLV3-27	ig
IGLV3-26	ig
IGLVVI-25-1	ig
IGLV3-25	ig
IGLV3-24	ig
IGLV2-23	ig
IGLVVI-22-1	ig
IGLV3-22	ig
IGLV3-21	ig
IGLVI-20	ig
IGLV3-19	ig
IGLV2-18	ig
IGLV3-17	ig
IGLV3-16	ig
IGLV3-15	ig
IGLV2-14	ig
IGLV3-13	ig
IGLV3-12	ig
IGLV2-11	ig
IGLV3-10	ig
IGLV3-9	ig
IGLV2-8	ig
IGLV3-7	ig
IGLV3-6	ig
IGLV2-5	ig
IGLV3-4	ig
IGLV4-3	ig
IGLV3-2	ig
IGLV3-1	ig
IGLL5	ig
IGLJ1	ig
IGLJ2	ig
IGLJ3	ig
IGLJ4	ig
IGLJ5	ig
IGLJ6	ig
IGLJ7	ig
IGLL1	ig
IGLVIVOR22-1	ig
IGLVIVOR22-2	ig
IGHV1OR21-1	ig
