barcode_id,cellranger,demuxEM_droplet_type,demuxEM_best_guess,vireo_best_guess,freemuxlet_best_guess,freemuxlet_droplet_type,antibody
AAACCCAAGAAACACT-1,10X_EMPTY_GEM,NA,NA,NA,NA,NA,NA
AAACCCAAGAAACCAT-1,10X_EMPTY_GEM,NA,NA,NA,NA,NA,NA
AAACCCAAGAAACCCA-1,10X_EMPTY_GEM,NA,NA,NA,NA,NA,NA
AAACCCAAGAAACCCG-1,10X_EMPTY_GEM,NA,NA,NA,NA,NA,NA
AAACCCAAGAAACCTG-1,10X_EMPTY_GEM,NA,NA,NA,NA,NA,NA
AAACCCAAGAAACGAA-1,10X_EMPTY_GEM,NA,NA,NA,NA,NA,NA
AAACCCAAGAAACGTC-1,10X_EMPTY_GEM,NA,NA,NA,NA,NA,NA
AAACCCAAGAAACTAC-1,10X_EMPTY_GEM,NA,NA,NA,NA,NA,NA
AAACCCAAGAAACTCA-1,10X_EMPTY_GEM,NA,NA,NA,NA,NA,NA
